lsoa11cd,nonwhiteZoneProp.lsoa,pstaniZoneProp.lsoa,nonUKZoneProp.lsoa,proportionMuslim,proportionNonMuslim,antiSocialBehaviour,Burglary,violentCrime,allCrimePer1000Pop,IMD_rank,IMD_rank_inverse,IMD_rank_inverse_relative
E01007776,4.90921318090114,0.47074646940148,5.17821116341627,1.21049092131809,93.62329164831355,55.817081371889714,6.724949562878279,4.707464694014795,94.1492938802959,7589,25255,107
E01007777,1.60891089108911,0,1.42326732673267,0.3094059405940594,94.52437662903758,58.78712871287129,3.7128712871287126,6.806930693069307,93.44059405940594,9019,23825,99
E01007778,1.57273918741809,0.196592398427261,1.8348623853211,0.327653997378768,94.50612857225286,40.62909567496723,13.10615989515072,1.3106159895150722,71.42857142857143,20535,12309,42
E01007779,3.34128878281623,0.477326968973747,2.30708035003978,0.7955449482895784,94.03823762134206,132.8560063643596,15.11535401750199,15.11535401750199,213.206046141607,2878,29966,140
E01007780,1.98019801980198,1.06082036775106,2.19236209335219,0.9193776520509194,93.91440491758071,76.37906647807638,7.072135785007072,2.828854314002829,108.91089108910892,12036,20808,79
E01007781,1.24671916010499,0.459317585301837,2.03412073490814,0.39370078740157477,94.44008178223007,95.14435695538057,11.15485564304462,9.84251968503937,155.51181102362204,7396,25448,110
E01007782,2.80936454849498,0.602006688963211,2.54180602006689,1.0033444816053512,93.83043808802628,66.22073578595318,7.357859531772575,4.682274247491638,121.07023411371237,6345,26499,118
E01007783,4.0621266427718,0.29868578255675,5.07765830346476,0.8363201911589008,93.99746237847273,70.48984468339307,10.752688172043012,17.323775388291516,146.35603345280765,6089,26755,119
E01007784,5.05394662123793,0.283929585462805,5.3946621237933,2.2146507666098807,92.61913180302176,101.64679159568426,30.664395229982965,17.035775127768314,332.1976149914821,4818,28026,125
E01007785,1.25832716506292,0.074019245003701,1.99851961509993,0.22205773501110287,94.61172483462053,44.41154700222058,2.2205773501110286,2.9607698001480385,65.87712805329386,15145,17699,67
E01007786,0.993377483443709,0,1.5728476821192101,0,94.83378256963164,46.35761589403974,1.6556291390728477,3.3112582781456954,62.913907284768214,14398,18446,69
E01007787,2.8169014084507,0.397255326832792,4.0808956301914,0.577825929938606,94.25595663969303,44.781509570241965,7.222824124232575,3.6114120621162873,75.47851209823041,19260,13584,50
E01007788,1.79880079946702,0,1.73217854763491,0.6662225183211192,94.16756005131052,45.969353764157226,7.994670219853432,3.997335109926716,93.93737508327781,11625,21219,80
E01007789,1.48423005565863,0.247371675943105,2.78293135435993,0.1855287569573284,94.64825381267431,68.02721088435375,19.1713048855906,8.039579468150896,145.94928880643167,6667,26177,114
E01007790,2.8956228956229,0.0673400673400673,3.77104377104377,0.20202020202020202,94.63176236761143,183.83838383838383,20.202020202020204,23.56902356902357,402.69360269360266,1129,31715,152
E01007791,1.75054704595186,0,2.99051787016776,0.14587892049598833,94.68790364913565,125.45587162654998,17.505470459518598,10.940919037199125,188.18380743982496,3048,29796,137
E01007792,1.55902004454343,0.22271714922049,1.85597624350408,0,94.83378256963164,38.60430586488493,5.939123979213066,1.4847809948032664,77.95100222717149,28153,4691,9
E01007793,1.09809663250366,0,1.02489019033675,0,94.83378256963164,64.42166910688141,5.856515373352855,4.392386530014641,95.90043923865301,9722,23122,94
E01007794,2.65177948360084,0.767620376831821,2.16329378925331,1.1165387299371947,93.71724383969445,66.99232379623169,5.582693649685973,8.374040474528961,117.23656664340545,2918,29926,139
E01007795,1.04239054899236,0.0694927032661571,1.04239054899236,0.20847810979847115,94.62530445983316,19.457956914523976,6.949270326615705,2.0847810979847115,47.949965253648365,19430,13414,48
E01007796,1.47058823529412,0.69204152249135,0.69204152249135,0.6055363321799307,94.2282462374517,62.28373702422145,10.380622837370241,3.4602076124567476,115.91695501730104,5184,27660,121
E01007797,2.42290748898678,0.0734214390602056,2.34948604992658,0.4405286343612335,94.39325393527041,25.697503671071953,9.544787077826726,2.936857562408223,58.00293685756241,12381,20463,76
E01007798,1.58604282315623,0.0793021411578113,1.4274385408406,0.63441712926249,94.19936544036915,28.548770816812052,5.551149881046788,3.1720856463124503,61.06264869151467,22711,10133,31
E01007799,1.27298444130127,0.282885431400283,1.55586987270156,0.21216407355021216,94.62161849608142,54.45544554455446,10.608203677510609,12.022630834512023,110.32531824611033,9744,23100,93
E01007800,2.10312075983718,0,3.3921302578019,0.6105834464043419,94.22319912322729,123.47354138398914,16.960651289009498,18.99592944369064,280.8683853459973,7858,24986,104
E01007801,1.27431254191818,0.335345405767941,1.94500335345406,0.4024144869215292,94.43136808271011,41.58283031522468,10.731052984574111,2.012072434607646,110.66398390342053,24886,7958,18
E01007802,1.8796992481203,0.526315789473684,1.72932330827068,0.9774436090225564,93.85633896060908,36.84210526315789,5.263157894736842,3.7593984962406015,57.89473684210526,27267,5577,11
E01007657,1.65860400829302,0.345542501727713,2.34968901174845,0.55286800276434,94.2809145668673,34.55425017277125,2.073255010366275,3.4554250172771255,56.66897028334485,22783,10061,30
E01007658,1.36592379583034,0.0718907260963336,1.79726815240834,0.07189072609633358,94.76189184353531,70.4529115744069,14.378145219266715,12.940330697340043,127.96549245147375,20920,11924,38
E01007659,1.4808362369338,0.0871080139372822,1.56794425087108,0.2613240418118467,94.57245852781979,40.069686411149824,3.484320557491289,6.097560975609756,62.717770034843205,22949,9895,27
E01007660,1.22249388753056,0.24449877750611199,1.79299103504482,0.24449877750611246,94.58928379212553,21.189894050529748,5.704971475142624,1.6299918500407498,63.56968215158924,20478,12366,43
E01007661,1.9271948608137,0,2.35546038543897,0,94.83378256963164,24.26837972876517,5.710206995003569,3.5688793718772303,59.95717344753747,24831,8013,19
E01007662,0.966183574879227,0,0.869565217391304,0.2898550724637681,94.54392749716787,77.29468599033817,22.22222222222222,8.695652173913043,143.96135265700482,3017,29827,138
E01007663,1.57534246575342,0,1.98630136986301,0.0684931506849315,94.76528941894671,26.71232876712329,1.36986301369863,2.73972602739726,43.15068493150685,29415,3429,4
E01007664,0.485436893203883,0,1.29449838187702,0.2157497303128371,94.6180328393188,28.047464940668824,3.7756202804746497,3.236245954692557,50.70118662351672,21287,11557,37
E01007665,3.95604395604396,0.10989010989011,2.96703296703297,0.6043956043956045,94.22938696523603,50.54945054945055,4.945054945054945,3.2967032967032965,81.31868131868131,19171,13673,51
E01007666,1.76860722181282,0.0736919675755343,1.47383935151069,0.2947678703021371,94.5390146993295,53.05821665438467,16.949152542372882,4.421518054532056,102.43183492999263,21536,11308,34
E01007667,1.83958793230316,0.367917586460633,1.61883738042678,1.1037527593818985,93.73002981024973,81.67770419426049,1.4716703458425313,5.886681383370125,123.62030905077263,8393,24451,102
E01007668,2.92807129217059,0.318268618714195,3.11903246339911,0.2546148949713558,94.57916767466028,111.39401654996817,9.548058561425844,7.001909611712286,171.2285168682368,1480,31364,151
E01007669,1.79521276595745,0.664893617021277,2.59308510638298,0.8643617021276596,93.96942086750398,35.90425531914894,6.648936170212766,0.6648936170212766,66.48936170212765,18576,14268,56
E01007670,1.44927536231884,0.0690131124913734,1.93236714975845,0.3450655624568668,94.48871700717477,55.21048999309869,8.281573498964804,2.7605244996549345,87.64665286404417,28422,4422,8
E01007671,4.10958904109589,0.614076523382144,2.92867264997638,1.0392064241851677,93.79457614544647,143.59943316013226,6.140765233821445,9.919697685403873,202.6452527161077,23712,9132,23
E01007672,3.62875087229588,0.348918353105373,2.51221214235869,0.7676203768318213,94.06616219279982,43.96371249127704,4.1870202372644805,4.1870202372644805,83.04256803907886,25806,7038,15
E01007673,3.67647058823529,0.200534759358289,4.21122994652406,0.267379679144385,94.56640289048725,100.26737967914438,7.352941176470588,6.016042780748663,158.4224598930481,9401,23443,96
E01007674,1.59876224858174,0.154718927282104,2.21763795771016,0.4125838060856112,94.42119876354603,46.415678184631254,6.7044868488911815,2.57864878803507,79.93811242908716,30142,2702,3
E01007675,38.0798274002157,25.2966558791802,20.9277238403452,29.28802588996764,65.545756679664,88.45738942826321,10.787486515641856,5.393743257820928,138.07982740021575,12085,20759,78
E01007676,6.87538367096378,2.02578268876611,5.95457335788828,2.823818293431553,92.00996427620008,128.29957028852056,17.80233271945979,12.89134438305709,236.9551872314303,9262,23582,97
E01007677,17.3824130879346,4.63531015678255,13.3605998636673,7.975460122699387,86.85832244693225,113.15610088616224,12.951601908657123,13.6332651670075,192.22903885480574,315,32529,164
E01007678,30.4320601127113,14.0262993112085,19.724483406387,18.28428303068253,76.5494995389491,58.860363180964306,8.140262993112085,6.261740763932373,124.60864120225422,23384,9460,25
E01007679,31.6612729234088,19.848975188781,17.259978425027,23.624595469255663,71.20918710037597,84.14239482200647,7.011866235167206,17.25997842502697,142.93419633225457,8705,24139,101
E01007680,53.0818278427205,38.9479277364506,31.1902231668438,41.498405951115835,53.3353766185158,100.95642933049947,5.844845908607864,11.158342189160468,155.15409139213602,6904,25940,113
E01007681,1.35236664162284,0.0751314800901578,1.9534184823441,0.2253944402704733,94.60838812936116,34.560480841472575,3.005259203606311,2.2539444027047333,50.33809166040571,16295,16549,62
E01007682,2.22222222222222,0.833333333333333,1.73611111111111,1.1805555555555556,93.65322701407608,45.138888888888886,2.0833333333333335,5.555555555555555,72.91666666666666,13462,19382,74
E01007683,1.53524075366364,0.0697836706210747,2.37264480111654,0.34891835310537334,94.48486421652626,34.89183531053734,0.6978367062107467,0.6978367062107467,42.568039078855556,21364,11480,36
E01007684,3.25752919483712,0.676090964966195,2.76582667486171,0.9834050399508296,93.85037752968081,68.83835279655808,9.834050399508296,12.292562999385371,145.66687154271665,20464,12380,45
E01007685,1.39178844815588,0.208768267223382,1.94850382741823,0.41753653444676403,94.41624603518487,57.06332637439109,7.6548364648573415,4.8712595685455815,121.78148921363952,23303,9541,26
E01007686,2.47000705716302,1.41143260409315,2.25829216654905,1.1997177134791814,93.63406485615245,112.91460832745237,4.940014114326042,3.5285815102328866,192.66055045871562,25414,7430,16
E01007687,1.92837465564738,0.413223140495868,1.10192837465565,0.8264462809917356,94.0073362886399,61.294765840220386,7.575757575757576,11.707988980716253,110.88154269972452,15730,17114,64
E01007688,1.81945416375087,0.139958012596221,1.46955913226032,0.06997900629811056,94.76380356333352,51.08467459762071,6.997900629811057,1.3995801259622112,67.87963610916725,19114,13730,52
E01007689,1.95185426154847,0.715679895901106,1.36629798308393,0.9759271307742355,93.8578554388574,20.169160702667533,3.2530904359141184,1.3012361743656475,35.7839947950553,22378,10466,32
E01007690,2.85888077858881,1.21654501216545,3.1021897810219,1.2773722627737227,93.55641030685791,17.639902676399025,3.6496350364963503,3.6496350364963503,41.97080291970803,30591,2253,1
E01007691,1.07579462102689,0.24449877750611199,1.71149144254279,0.4889975550122249,94.34478501461942,18.581907090464547,8.801955990220048,1.466992665036675,46.454767726161364,28115,4729,10
E01007692,1.18499012508229,0.197498354180382,3.2258064516129,0.5266622778143515,94.30712029181728,44.10796576695194,9.216589861751151,0.6583278472679394,80.97432521395655,20746,12098,41
E01007693,2.32774674115456,0.139664804469274,2.70018621973929,0.3258845437616387,94.50789802586999,60.98696461824953,10.242085661080074,4.655493482309125,109.40409683426442,11179,21665,83
E01007694,1.87713310580205,0.455062571103527,3.98179749715586,0.3412969283276451,94.49248564130399,64.84641638225256,12.514220705346986,8.532423208191126,123.43572241183162,6390,26454,117
E01007695,1.74725721251524,0.284437220642015,2.31613165379927,0.5282405526208858,94.30554201701075,51.60503860219423,10.564811052417717,2.438033319788704,114.58756603006907,16892,15952,60
E01007696,1.21786197564276,0.06765899864682,2.0297699594046,0.06765899864682003,94.76612357098482,29.76995940460081,6.089309878213802,3.3829499323410013,64.95263870094723,17760,15084,58
E01007697,0.634115409004439,0,1.20481927710843,0.12682308180088775,94.70695948783074,73.5573874445149,8.243500317057704,7.609384908053266,116.0431198478123,4330,28514,128
E01007698,1.7139090309822,0,1.6479894528675,0.3955174686882004,94.43826510094344,71.19314436387607,6.591957811470007,7.910349373764008,117.33684904416612,17428,15416,59
E01007699,3.99780941949617,0.492880613362541,3.50492880613363,1.095290251916758,93.73849231771487,65.1697699890471,9.309967141292441,4.928806133625411,163.7458926615553,10561,22283,88
E01007700,3.25427468284611,0.275785990071704,2.81301709873138,0.6067291781577496,94.22705339147389,40.26475455046884,9.376723662437948,3.309431880860452,76.66850523993381,21432,11412,35
E01007701,3.07599517490953,0.542822677925211,3.13630880579011,0.6634499396863691,94.17033262994526,86.248492159228,9.650180940892641,6.031363088057901,140.5307599517491,6575,26269,115
E01007702,6.26959247648903,2.44514106583072,6.89655172413793,2.6959247648902824,92.13785780474136,141.06583072100312,1.2539184952978057,6.269592476489028,188.71473354231975,9513,23331,95
E01007703,5.17380759902991,3.55699272433306,3.96119644300728,3.7186742118027487,91.11510835782889,24.252223120452708,5.658852061438965,1.6168148746968471,45.270816491511724,18272,14572,57
E01007704,4.41379310344828,2.20689655172414,3.58620689655172,2.2758620689655173,92.55792050066611,81.37931034482757,9.655172413793103,11.034482758620689,139.3103448275862,11319,21525,82
E01007705,6.24178712220762,1.97109067017083,3.0880420499343,2.299605781865966,92.53417678776567,65.04599211563732,5.256241787122208,3.9421813403416555,101.1826544021025,24892,7952,17
E01007706,5.6241426611797,2.81207133058985,4.32098765432099,3.2235939643347047,91.61018860529693,38.408779149519894,3.429355281207133,2.05761316872428,57.61316872427984,18846,13998,54
E01007707,3.07793058284217,1.50622134905043,2.61951538965291,1.7026850032743943,93.13109756635724,64.83300589390963,4.5841519318926,6.5487884741322855,105.4354944335298,16560,16284,61
E01007708,9.92822966507177,4.48564593301435,5.20334928229665,5.801435406698564,89.03234716293308,71.17224880382774,6.578947368421052,4.186602870813397,117.22488038277511,3309,29535,135
E01007709,4.3956043956044,2.47252747252747,2.9532967032967,2.7472527472527473,92.08652982237889,22.664835164835164,6.181318681318681,1.3736263736263736,49.450549450549445,29093,3751,6
E01007710,3.83631713554987,2.17391304347826,2.94117647058824,2.1099744245524295,92.7238081450792,17.263427109974423,5.115089514066496,2.557544757033248,37.723785166240404,30361,2483,2
E01007711,11.00611450806,5.94774874930517,6.17009449694275,6.559199555308505,88.27458301432313,27.237354085603112,5.00277932184547,1.1117287381878822,51.69538632573652,26759,6085,12
E01007712,20.1017811704835,12.7226463104326,11.6539440203562,14.30025445292621,80.53352811670543,39.69465648854962,5.089058524173028,1.0178117048346056,52.41730279898219,24084,8760,21
E01007713,21.5384615384615,15.1384615384615,9.47692307692308,15.692307692307692,79.14147487732394,30.153846153846153,6.769230769230769,3.076923076923077,51.69230769230769,25985,6859,14
E01007714,37.8338278931751,20.4253214638971,33.6300692383778,26.112759643916917,68.72102292571472,200.29673590504453,55.39070227497527,153.3135509396637,941.6419386745797,805,32039,155
E01007715,46.9115191986644,29.9387868670006,28.5475792988314,33.83416805787424,60.9996145117574,187.5347801892042,19.47690595436839,25.041736227045075,292.7100723427935,242,32602,167
E01007716,45.6305599162742,34.2752485609628,26.8969126111983,37.88592360020932,56.94785896942232,152.276295133438,17.791732077446362,29.82731554160126,294.6101517530089,634,32210,158
E01007717,10.7481559536354,3.89884088514226,9.79978925184405,6.164383561643835,88.6693990079878,131.19072708113805,18.440463645943098,12.118018967334036,231.82297154899896,4744,28100,126
E01007718,16.9912693082606,11.4170584284755,10.2081934184016,12.357286769644055,82.47649579998759,124.91605104096709,18.132975151108123,11.417058428475487,223.6400268636669,1835,31009,148
E01007719,1.92461908580593,0.561347233360064,2.24538893344026,0.48115477145148355,94.35262779818015,128.30793905372894,19.246190858059343,9.623095429029672,241.3793103448276,1106,31738,153
E01007720,3.05851063829787,0.598404255319149,2.72606382978723,0.7313829787234043,94.10239959090823,93.08510638297872,13.297872340425531,7.978723404255319,162.89893617021278,8160,24684,103
E01007721,3.93650793650794,1.07936507936508,5.01587301587302,1.5238095238095237,93.30997304582212,123.80952380952381,11.428571428571429,17.77777777777778,316.1904761904762,1039,31805,154
E01007723,1.95794053662074,0.290065264684554,1.37781000725163,0.43509789702683105,94.3986846726048,195.06889050036258,13.778100072516315,12.327773749093547,286.4394488759971,2256,30588,144
E01007724,2.55102040816327,0.364431486880466,2.40524781341108,0.2915451895043732,94.54223738012726,37.90087463556851,7.288629737609329,2.186588921282799,75.80174927113703,19672,13172,47
E01007725,2.55255255255255,0.15015015015015,2.62762762762763,0.8258258258258258,94.0079567438058,56.306306306306304,5.255255255255256,3.003003003003003,85.58558558558559,18676,14168,55
E01007726,2.1875,0,2.875,0.1875,94.64628256963164,93.75,6.875,13.75,166.875,3390,29454,133
E01007727,0.801068090787717,0.267022696929239,1.93591455273698,0.13351134846461948,94.70027122116701,101.46862483311081,10.013351134846463,4.005340453938585,164.21895861148198,2723,30121,141
E01007728,1.16487455197133,0.0896057347670251,1.4336917562724,0.17921146953405018,94.65457110009758,46.59498207885305,17.025089605734767,2.688172043010753,114.69534050179212,12141,20703,77
E01007729,5.74074074074074,0.493827160493827,4.87654320987654,1.9135802469135803,92.92020232271805,119.1358024691358,11.728395061728396,11.728395061728396,183.33333333333334,1765,31079,149
E01007730,4.02258292166549,0.352858151023289,3.31686661961891,1.340860973888497,93.49292159574314,148.9061397318278,16.937191249117856,18.34862385321101,254.7635850388144,1755,31089,150
E01007731,1.61550888529887,0.403877221324717,1.2924071082391,0.6462035541195477,94.18757901551209,69.46688206785137,11.308562197092083,12.924071082390954,135.702746365105,11009,21835,84
E01007732,1.97879858657244,0.141342756183746,2.54416961130742,0.4240282685512367,94.4097543010804,79.85865724381625,5.653710247349823,7.067137809187279,144.1696113074205,2463,30381,143
E01007733,2.72108843537415,0,2.87226001511716,0.8314436885865457,94.00233888104509,77.09750566893423,7.558578987150416,7.558578987150416,126.98412698412697,5664,27180,120
E01007734,9.34314835787089,5.09626274065685,5.60588901472254,5.889014722536806,88.94476784709484,102.49150622876557,10.758776896942242,9.626274065685164,166.47791619479048,2067,30777,146
E01007735,11.8430273300631,5.25578135949544,6.23686054660126,7.358093903293623,87.47568866633802,150.6657323055361,24.52697967764541,14.716187806587245,263.489838822705,480,32364,162
E01007736,23.114956736712,13.1644004944376,16.5636588380717,17.79975278121137,77.03402978842027,199.01112484548824,19.777503090234855,16.687268232385662,333.1273176761434,323,32521,163
E01007737,7.07517372078332,0.568540745420088,6.25394819962097,1.137081490840177,93.69670107879146,158.5596967782691,14.529374605180038,13.26595072646873,260.897030953885,257,32587,166
E01007738,10.2902374670185,4.22163588390501,6.53034300791557,6.662269129287599,88.17151344034404,166.2269129287599,17.810026385224276,18.469656992084435,266.490765171504,670,32174,157
E01007739,13.9256458727158,8.88468809073724,6.61625708884688,10.459987397605545,84.37379517202609,120.98298676748583,11.972274732199118,12.60239445494644,199.74795211090108,623,32221,159
E01007740,3.19634703196347,0.45662100456621,3.65296803652968,1.2393998695368558,93.59438270009478,76.97325505544683,14.350945857795171,13.698630136986301,138.94324853228963,3323,29521,134
E01007741,2.55402750491159,1.04780615586117,2.42305173542895,1.5062213490504257,93.32756122058122,34.70857891290111,7.858546168958742,3.2743942370661427,84.47937131630648,20787,12057,40
E01007742,3.1667839549613,0.91484869809993,2.25193525686137,0.7037297677691766,94.13005280186246,66.15059817030262,8.44475721323012,5.629838142153413,108.37438423645321,10666,22178,87
E01007743,0.768049155145929,0,1.84331797235023,0.38402457757296465,94.44975799205868,74.50076804915514,5.376344086021506,3.0721966205837172,119.04761904761904,22863,9981,28
E01007744,3.34190231362468,1.15681233933162,3.14910025706941,1.4138817480719794,93.41990082155965,102.82776349614396,12.853470437017995,11.568123393316196,181.23393316195373,9179,23665,98
E01007745,4.06189555125725,0.709219858156028,3.54609929078014,1.2250161186331399,93.6087664509985,148.93617021276594,5.157962604771115,16.118633139909736,236.62153449387492,6401,26443,116
E01007746,1.88067444876783,0,2.91828793774319,0.5836575875486382,94.250124982083,55.77172503242542,4.539559014267186,4.539559014267186,86.25162127107653,14093,18751,71
E01007747,1.38996138996139,0.386100386100386,1.77606177606178,0.4633204633204633,94.37046210631118,76.44787644787644,13.899613899613898,4.633204633204633,132.81853281853282,8874,23970,100
E01007748,1.31578947368421,0.415512465373961,2.49307479224377,0.3462603878116343,94.48752218182,40.85872576177285,2.770083102493075,0.6925207756232687,74.79224376731301,20843,12001,39
E01007749,1.16407982261641,0.0554323725055432,2.4390243902439,0,94.83378256963164,37.6940133037694,2.771618625277162,0.5543237250554324,53.21507760532151,26488,6356,13
E01007750,1.2491781722551,0.0657462195923734,2.9585798816568,0.26298487836949375,94.57079769126214,40.10519395134779,8.547008547008549,2.629848783694938,84.155161078238,19310,13534,49
E01007751,3.92456676860347,0.560652395514781,4.94393476044852,1.2232415902140672,93.61054097941756,85.62691131498471,14.780835881753314,3.567787971457696,168.70540265035677,15684,17160,65
E01007752,1.61398789509079,0,2.15198386012105,0.13449899125756556,94.69928357837408,31.60726294552791,9.41492938802959,2.017484868863484,61.869535978480165,29320,3524,5
E01007753,1.29449838187702,0.129449838187702,2.58899676375405,0.1941747572815534,94.63960781235008,47.249190938511326,7.766990291262136,3.236245954692557,95.14563106796116,16085,16759,63
E01007754,2.27111426543648,0.7097232079489,2.69694819020582,0.7097232079488999,94.12405936168274,24.8403122782115,5.6777856635912,1.4194464158978,41.8736692689851,19734,13110,46
E01007755,0.649350649350649,0,1.01010101010101,0.36075036075036077,94.47303220888128,31.746031746031743,1.443001443001443,1.443001443001443,45.45454545454545,22242,10602,33
E01007756,1.2448132780083,0.138312586445367,1.79806362378976,0.4149377593360996,94.41884481029554,24.20470262793914,NA,2.074688796680498,40.11065006915629,24214,8630,20
E01007757,1.8573996405033,0.179748352306771,2.51647693229479,0.35949670461354105,94.47428586501809,49.13121629718394,2.995805871779509,6.5907729179149195,80.88675853804673,13745,19099,72
E01007758,1.72155688622754,0.149700598802395,2.69461077844311,0.4491017964071856,94.38468077322445,57.634730538922156,7.485029940119761,5.9880239520958085,116.01796407185628,7521,25323,108
E01007759,1.35777325186694,0,1.0183299389002,0,94.83378256963164,105.90631364562118,5.431093007467752,6.788866259334691,154.1072640868975,5167,27677,122
E01007760,2.18609865470852,0.336322869955157,3.25112107623318,0.336322869955157,94.49745969967648,147.98206278026908,10.089686098654708,18.497757847533634,235.4260089686099,1920,30924,147
E01007761,0.99009900990099,0.0618811881188119,1.42326732673267,0.06188118811881188,94.77190138151282,83.53960396039605,4.9504950495049505,6.806930693069307,129.33168316831686,10267,22577,90
E01007762,1.63154316791298,0.135961930659415,2.17539089055065,0.3399048266485384,94.4938777429831,50.985723997280765,11.556764106050306,8.157715839564922,99.25220938137322,13432,19412,75
E01007763,2.24215246636771,0.192184497117233,3.1390134529148,0.19218449711723257,94.6415980725144,171.68481742472775,14.734144778987828,21.780909673286356,285.07367072389496,3485,29359,132
E01007764,1.9941348973607,0.175953079178886,2.4633431085044,0.41055718475073316,94.42322538488091,147.8005865102639,13.489736070381232,10.557184750733137,227.56598240469205,597,32247,160
E01007765,14.4268774703557,7.90513833992095,12.7140974967062,9.354413702239789,85.47936886739186,94.86166007905138,18.44532279314888,16.469038208168644,191.04084321475625,10225,22619,91
E01007766,15.1226158038147,10.0817438692098,8.10626702997275,12.329700272479565,82.50408229715207,80.38147138964577,4.768392370572207,6.130790190735695,122.61580381471389,3190,29654,136
E01007767,21.2868310282622,13.2291040288635,17.4383644016837,14.371617558628982,80.46216501100265,129.2844257366206,18.641010222489477,13.2291040288635,237.52254960914013,3810,29034,130
E01007768,42.7685950413223,22.0557851239669,29.4938016528926,30.836776859504134,63.9970057101275,159.0909090909091,12.396694214876034,16.012396694214875,247.41735537190084,500,32344,161
E01007769,50.1736111111111,24.4791666666667,52.7777777777778,36.226851851851855,58.60693071777978,169.56018518518516,19.675925925925927,29.51388888888889,296.29629629629625,302,32542,165
E01007770,24.332006822058,15.861284820921,14.837976122797,20.06822057987493,74.7655619897567,73.90562819783968,7.390562819783968,5.11654349061967,135.8726549175668,4409,28435,127
E01007771,1.54820548909219,0,1.54820548909219,0.211118930330753,94.62266363930088,30.260380014074595,5.629838142153413,2.11118930330753,59.11330049261084,18967,13877,53
E01007772,2.70880361173815,0.677200902934537,2.63355906696764,1.3544018058690745,93.47938076376256,82.01655379984952,7.524454477050414,3.0097817908201656,129.42061700526713,7691,25153,106
E01007773,3.25779036827195,0.141643059490085,2.3371104815864,0.7790368271954674,94.05474574243617,56.657223796033996,8.4985835694051,4.24929178470255,97.02549575070822,7493,25351,109
E01007774,1.99600798403194,0.133067198935462,2.19560878243513,0.19960079840319359,94.63418177122844,82.50166333998669,9.980039920159681,8.649367930805056,139.72055888223554,7348,25496,112
E01007775,3.87770320656227,0.149142431021626,3.43027591349739,0.2982848620432513,94.53549770758839,78.29977628635346,11.185682326621924,11.93139448173005,130.49962714392245,740,32104,156
E01007803,1.42109199700823,0.149588631264024,1.42109199700823,0.5983545250560958,94.23542804457554,42.63275991024682,6.731488406881077,3.7397157816005984,76.2902019446522,15110,17734,68
E01007804,3.13370473537604,0.0696378830083565,3.06406685236769,0.5571030640668524,94.27667950556479,111.42061281337047,11.838440111420613,12.534818941504177,193.5933147632312,4039,28805,129
E01007805,1.95804195804196,0.20979020979021,2.16783216783217,0.6293706293706294,94.20441194026101,111.18881118881119,20.27972027972028,18.18181818181818,204.89510489510488,3757,29087,131
E01007806,3.22085889570552,0.0766871165644172,4.21779141104294,0.15337423312883436,94.68040833650281,93.55828220858896,7.668711656441718,11.503067484662576,142.63803680981596,5010,27834,124
E01007807,1.8646408839779,0,1.72651933701657,0,94.83378256963164,80.8011049723757,4.834254143646409,6.906077348066298,127.76243093922652,7832,25012,105
E01007808,1.29339686861811,0.68073519400953,1.90605854322668,1.0211027910142956,93.81267977861734,21.783526208304966,4.084411164057181,NA,33.35602450646698,28956,3888,7
E01007809,1.60978750804894,0.321957501609787,2.1249195106246,0.4507405022537025,94.38304206737793,152.60785576303928,16.097875080489377,15.453960077269802,237.6046361880232,2096,30748,145
E01007810,1.63432073544433,0.0510725229826353,1.68539325842697,0.35750766087844743,94.47627490875318,121.04187946884576,16.34320735444331,6.639427987742594,186.414708886619,10700,22144,86
E01007811,6.84830633284242,4.19734904270987,4.63917525773196,5.3019145802650955,89.53186798936655,66.2739322533137,8.836524300441827,2.945508100147275,125.92047128129603,23895,8949,22
E01007812,8.21917808219178,2.25624496373892,4.91539081385979,3.1426269137792104,91.69115565585243,75.7453666398066,4.0290088638195,5.640612409347301,112.00644641418211,7375,25469,111
E01007813,5.63486100676183,2.17881292261458,4.05709992486852,3.155522163786627,91.67826040584501,38.317054845980465,6.7618332081142,4.507888805409467,67.618332081142,15156,17688,66
E01007814,4.40647482014388,0.899280575539568,2.42805755395683,1.169064748201439,93.6647178214302,54.856115107913666,9.892086330935252,4.496402877697841,109.71223021582733,20476,12368,44
E01007815,1.34110787172012,0.0583090379008746,1.92419825072886,0.5830903790087464,94.25069219062289,115.45189504373178,16.3265306122449,9.912536443148687,206.99708454810497,5139,27705,123
E01007816,2.99043062200957,0.358851674641148,2.27272727272727,0.777511961722488,94.05627060790916,71.17224880382774,11.961722488038278,5.980861244019139,133.9712918660287,11555,21289,81
E01007817,1.1963406052076,0.0703729767769177,1.47783251231527,0.14074595355383532,94.6930366160778,96.4109781843772,4.22237860661506,1.4074595355383532,128.07881773399015,10458,22386,89
E01007818,3.88958594730238,0.376411543287327,2.94855708908407,0.43914680050188204,94.39463576912975,39.52321204516939,4.391468005018821,0.6273525721455457,65.24466750313677,23636,9208,24
E01007819,3.17353139770425,0.202565833896016,2.97096556380824,0.8777852802160702,93.95599728941556,47.94058068872384,9.453072248480757,2.025658338960162,80.35111411208644,13547,19297,73
E01007820,2.56237356709373,0.0674308833445718,2.29265003371544,0.13486176668914363,94.6989208029425,140.25623735670936,12.811867835468645,14.834794335805798,273.09507754551584,10725,22119,85
E01007821,1.61691542288557,0,2.79850746268657,0.12437810945273632,94.7094044601789,76.49253731343283,6.218905472636816,3.7313432835820897,111.94029850746269,10150,22694,92
E01007822,2.92207792207792,0.12987012987013,4.22077922077922,0.7142857142857143,94.11949685534593,220.77922077922076,18.18181818181818,16.233766233766232,322.7272727272727,2487,30357,142
E01032926,3.94811054709532,0.564015792442188,2.65087422447829,0.9024252679075015,93.93135730172413,133.10772701635645,5.076142131979695,4.512126339537508,164.12859560067682,22862,9982,29
E01032927,3.05647840531561,0.26578073089701,3.18936877076412,0.9302325581395349,93.9035500114921,51.82724252491695,4.651162790697675,2.6578073089700998,79.734219269103,14263,18581,70
